duration_seconds,tx_count,tps,avg_latency_seconds
600,8940,14.881899117559387,0.06695541719462247
